StartDate,EndDate,Status,Progress,Duration (in seconds),Finished,RecordedDate,ResponseId,DistributionChannel,UserLanguage,QID13,対人的援助01,清潔さ02,組織支援行動03,対人的援助04,誠実さ05,組織支援行動06,清潔さ07,誠実さ08,組織支援行動9,清潔さ10,対人的援助11,誠実さ12,誠実さ13,対人的援助14,対人的援助15,誠実さ16,対人的援助17,誠実さ18,対人的援助19,対人的援助20,職務上の配慮21,職務上の配慮22,組織支援行動23,誠実さ24,誠実さ25,職務上の配慮26,職務上の配慮27,職務上の配慮28,職務上の配慮29,組織支援行動30,組織支援行動31,組織支援行動32,組織支援行動33,QID14_1,ランダムID
開始日,終了日,回答タイプ,進行状況,時間（秒単位）,終了,記録日,回答ID,配信のチャンネル,ユーザーの言語,"あなたの部署を選択してください

注）次のページに進むと、前のページには戻れません。","ここ最近のあなたの職場での勤務の様子を振り返ってみてください。

次に示されるのは職場や組織における様々な行動です。

各々について、あなたが行っているものかどうかについて1～5のうちから選んでください。

 1,　まったく行わない
 2,　めったに行わない
 3,　たまに行う
 4,　しばしば行う
 5,　つねに行う

注）次のページに進むと、前のページには戻れません。 - 同僚の仕事上のトラブルを進んで手助けする","ここ最近のあなたの職場での勤務の様子を振り返ってみてください。

次に示されるのは職場や組織における様々な行動です。

各々について、あなたが行っているものかどうかについて1～5のうちから選んでください。

 1,　まったく行わない
 2,　めったに行わない
 3,　たまに行う
 4,　しばしば行う
 5,　つねに行う

注）次のページに進むと、前のページには戻れません。 - 職場では机をいつもきれいにし、汚さないように努める","ここ最近のあなたの職場での勤務の様子を振り返ってみてください。

次に示されるのは職場や組織における様々な行動です。

各々について、あなたが行っているものかどうかについて1～5のうちから選んでください。

 1,　まったく行わない
 2,　めったに行わない
 3,　たまに行う
 4,　しばしば行う
 5,　つねに行う

注）次のページに進むと、前のページには戻れません。 - 会社の新しい展開や内部の事情を、いち早く知るよう努める","ここ最近のあなたの職場での勤務の様子を振り返ってみてください。

次に示されるのは職場や組織における様々な行動です。

各々について、あなたが行っているものかどうかについて1～5のうちから選んでください。

 1,　まったく行わない
 2,　めったに行わない
 3,　たまに行う
 4,　しばしば行う
 5,　つねに行う

注）次のページに進むと、前のページには戻れません。 - 多くの仕事を抱えている人の手助けをする","ここ最近のあなたの職場での勤務の様子を振り返ってみてください。

次に示されるのは職場や組織における様々な行動です。

各々について、あなたが行っているものかどうかについて1～5のうちから選んでください。

 1,　まったく行わない
 2,　めったに行わない
 3,　たまに行う
 4,　しばしば行う
 5,　つねに行う

注）次のページに進むと、前のページには戻れません。 - 仕事中は無駄な会話で時間をつぶさないようにする","ここ最近のあなたの職場での勤務の様子を振り返ってみてください。

次に示されるのは職場や組織における様々な行動です。

各々について、あなたが行っているものかどうかについて1～5のうちから選んでください。

 1,　まったく行わない
 2,　めったに行わない
 3,　たまに行う
 4,　しばしば行う
 5,　つねに行う

注）次のページに進むと、前のページには戻れません。 - 社内報や掲示物にまめに目を通して、社内の最新情報を知っておく","ここ最近のあなたの職場での勤務の様子を振り返ってみてください。

次に示されるのは職場や組織における様々な行動です。

各々について、あなたが行っているものかどうかについて1～5のうちから選んでください。

 1,　まったく行わない
 2,　めったに行わない
 3,　たまに行う
 4,　しばしば行う
 5,　つねに行う

注）次のページに進むと、前のページには戻れません。 - 文房具・消耗品を使いやすいように整理し、配置する","ここ最近のあなたの職場での勤務の様子を振り返ってみてください。

次に示されるのは職場や組織における様々な行動です。

各々について、あなたが行っているものかどうかについて1～5のうちから選んでください。

 1,　まったく行わない
 2,　めったに行わない
 3,　たまに行う
 4,　しばしば行う
 5,　つねに行う

注）次のページに進むと、前のページには戻れません。 - 不必要に仕事の手を休めないよう心がける","ここ最近のあなたの職場での勤務の様子を振り返ってみてください。

次に示されるのは職場や組織における様々な行動です。

各々について、あなたが行っているものかどうかについて1～5のうちから選んでください。

 1,　まったく行わない
 2,　めったに行わない
 3,　たまに行う
 4,　しばしば行う
 5,　つねに行う

注）次のページに進むと、前のページには戻れません。 - 参加が義務づけられていなくても、会社が主催する行事や祭典には参加する","ここ最近のあなたの職場での勤務の様子を振り返ってみてください。

次に示されるのは職場や組織における様々な行動です。

各々について、あなたが行っているものかどうかについて1～5のうちから選んでください。

 1,　まったく行わない
 2,　めったに行わない
 3,　たまに行う
 4,　しばしば行う
 5,　つねに行う

注）次のページに進むと、前のページには戻れません。 - 職場では自分の身の回りをきれいに掃除する","ここ最近のあなたの職場での勤務の様子を振り返ってみてください。

次に示されるのは職場や組織における様々な行動です。

各々について、あなたが行っているものかどうかについて1～5のうちから選んでください。

 1,　まったく行わない
 2,　めったに行わない
 3,　たまに行う
 4,　しばしば行う
 5,　つねに行う

注）次のページに進むと、前のページには戻れません。 - 仕事上のトラブルを抱えている人を、進んで手助けする","ここ最近のあなたの職場での勤務の様子を振り返ってみてください。

次に示されるのは職場や組織における様々な行動です。

各々について、あなたが行っているものかどうかについて1～5のうちから選んでください。

 1,　まったく行わない
 2,　めったに行わない
 3,　たまに行う
 4,　しばしば行う
 5,　つねに行う

注）次のページに進むと、前のページには戻れません。 - 仕事中に必要以上の休息をとらないようにする","ここ最近のあなたの職場での勤務の様子を振り返ってみてください。

次に示されるのは職場や組織における様々な行動です。

各々について、あなたが行っているものかどうかについて1～5のうちから選んでください。

 1,　まったく行わない
 2,　めったに行わない
 3,　たまに行う
 4,　しばしば行う
 5,　つねに行う

注）次のページに進むと、前のページには戻れません。 - 仕事上のささいなことに対して、くどくど不平を言わないようにする","ここ最近のあなたの職場での勤務の様子を振り返ってみてください。

次に示されるのは職場や組織における様々な行動です。

各々について、あなたが行っているものかどうかについて1～5のうちから選んでください。

 1,　まったく行わない
 2,　めったに行わない
 3,　たまに行う
 4,　しばしば行う
 5,　つねに行う

注）次のページに進むと、前のページには戻れません。 - 自分の周りにいる同僚や部下、上司に手を貸せるようにいつも準備している","ここ最近のあなたの職場での勤務の様子を振り返ってみてください。

次に示されるのは職場や組織における様々な行動です。

各々について、あなたが行っているものかどうかについて1～5のうちから選んでください。

 1,　まったく行わない
 2,　めったに行わない
 3,　たまに行う
 4,　しばしば行う
 5,　つねに行う

注）次のページに進むと、前のページには戻れません。 - 休んでいる人の仕事を代わりに手伝ってあげる","ここ最近のあなたの職場での勤務の様子を振り返ってみてください。

次に示されるのは職場や組織における様々な行動です。

各々について、あなたが行っているものかどうかについて1～5のうちから選んでください。

 1,　まったく行わない
 2,　めったに行わない
 3,　たまに行う
 4,　しばしば行う
 5,　つねに行う

注）次のページに進むと、前のページには戻れません。 - 昼休みや休息時間を長くとりすぎないよう努める","ここ最近のあなたの職場での勤務の様子を振り返ってみてください。

次に示されるのは職場や組織における様々な行動です。

各々について、あなたが行っているものかどうかについて1～5のうちから選んでください。

 1,　まったく行わない
 2,　めったに行わない
 3,　たまに行う
 4,　しばしば行う
 5,　つねに行う

注）次のページに進むと、前のページには戻れません。 - 他の部署（あるいは課）にいる人の仕事を助けてあげる","ここ最近のあなたの職場での勤務の様子を振り返ってみてください。

次に示されるのは職場や組織における様々な行動です。

各々について、あなたが行っているものかどうかについて1～5のうちから選んでください。

 1,　まったく行わない
 2,　めったに行わない
 3,　たまに行う
 4,　しばしば行う
 5,　つねに行う

注）次のページに進むと、前のページには戻れません。 - 会社（あるいは組織）の備品や消耗品を無駄づかいしないよう努める","ここ最近のあなたの職場での勤務の様子を振り返ってみてください。

次に示されるのは職場や組織における様々な行動です。

各々について、あなたが行っているものかどうかについて1～5のうちから選んでください。

 1,　まったく行わない
 2,　めったに行わない
 3,　たまに行う
 4,　しばしば行う
 5,　つねに行う

注）次のページに進むと、前のページには戻れません。 - 他の部署（あるいは課）を尋ねに来た訪問者の応対をする","ここ最近のあなたの職場での勤務の様子を振り返ってみてください。

次に示されるのは職場や組織における様々な行動です。

各々について、あなたが行っているものかどうかについて1～5のうちから選んでください。

 1,　まったく行わない
 2,　めったに行わない
 3,　たまに行う
 4,　しばしば行う
 5,　つねに行う

注）次のページに進むと、前のページには戻れません。 - 上司の仕事であっても進んで手伝う","ここ最近のあなたの職場での勤務の様子を振り返ってみてください。

次に示されるのは職場や組織における様々な行動です。

各々について、あなたが行っているものかどうかについて1～5のうちから選んでください。

 1,　まったく行わない
 2,　めったに行わない
 3,　たまに行う
 4,　しばしば行う
 5,　つねに行う

注）次のページに進むと、前のページには戻れません。 - 一度受けた仕事は最後まで責任をもって実行する","ここ最近のあなたの職場での勤務の様子を振り返ってみてください。

次に示されるのは職場や組織における様々な行動です。

各々について、あなたが行っているものかどうかについて1～5のうちから選んでください。

 1,　まったく行わない
 2,　めったに行わない
 3,　たまに行う
 4,　しばしば行う
 5,　つねに行う

注）次のページに進むと、前のページには戻れません。 - 同僚や部下からの疑問や質問には、丁寧に答える","ここ最近のあなたの職場での勤務の様子を振り返ってみてください。

次に示されるのは職場や組織における様々な行動です。

各々について、あなたが行っているものかどうかについて1～5のうちから選んでください。

 1,　まったく行わない
 2,　めったに行わない
 3,　たまに行う
 4,　しばしば行う
 5,　つねに行う

注）次のページに進むと、前のページには戻れません。 - 仕事の時間以外でも、顧客が会社に対して良い印象をもってもらえるよう努力する","ここ最近のあなたの職場での勤務の様子を振り返ってみてください。

次に示されるのは職場や組織における様々な行動です。

各々について、あなたが行っているものかどうかについて1～5のうちから選んでください。

 1,　まったく行わない
 2,　めったに行わない
 3,　たまに行う
 4,　しばしば行う
 5,　つねに行う

注）次のページに進むと、前のページには戻れません。 - 自分の意見を職場の人たちに押しつけない","ここ最近のあなたの職場での勤務の様子を振り返ってみてください。

次に示されるのは職場や組織における様々な行動です。

各々について、あなたが行っているものかどうかについて1～5のうちから選んでください。

 1,　まったく行わない
 2,　めったに行わない
 3,　たまに行う
 4,　しばしば行う
 5,　つねに行う

注）次のページに進むと、前のページには戻れません。 - 自分から積極的に仕事を見つける","ここ最近のあなたの職場での勤務の様子を振り返ってみてください。

次に示されるのは職場や組織における様々な行動です。

各々について、あなたが行っているものかどうかについて1～5のうちから選んでください。

 1,　まったく行わない
 2,　めったに行わない
 3,　たまに行う
 4,　しばしば行う
 5,　つねに行う

注）次のページに進むと、前のページには戻れません。 - 自分の仕事に注意を行き届かせる","ここ最近のあなたの職場での勤務の様子を振り返ってみてください。

次に示されるのは職場や組織における様々な行動です。

各々について、あなたが行っているものかどうかについて1～5のうちから選んでください。

 1,　まったく行わない
 2,　めったに行わない
 3,　たまに行う
 4,　しばしば行う
 5,　つねに行う

注）次のページに進むと、前のページには戻れません。 - 職場の人に迷惑にならないように注意して行動する","ここ最近のあなたの職場での勤務の様子を振り返ってみてください。

次に示されるのは職場や組織における様々な行動です。

各々について、あなたが行っているものかどうかについて1～5のうちから選んでください。

 1,　まったく行わない
 2,　めったに行わない
 3,　たまに行う
 4,　しばしば行う
 5,　つねに行う

注）次のページに進むと、前のページには戻れません。 - 仕事で間違いに気がついたらすぐに正す","ここ最近のあなたの職場での勤務の様子を振り返ってみてください。

次に示されるのは職場や組織における様々な行動です。

各々について、あなたが行っているものかどうかについて1～5のうちから選んでください。

 1,　まったく行わない
 2,　めったに行わない
 3,　たまに行う
 4,　しばしば行う
 5,　つねに行う

注）次のページに進むと、前のページには戻れません。 - 個人的に得た有益な情報を、適切なときに職場に提供する","ここ最近のあなたの職場での勤務の様子を振り返ってみてください。

次に示されるのは職場や組織における様々な行動です。

各々について、あなたが行っているものかどうかについて1～5のうちから選んでください。

 1,　まったく行わない
 2,　めったに行わない
 3,　たまに行う
 4,　しばしば行う
 5,　つねに行う

注）次のページに進むと、前のページには戻れません。 - 仕事上の役割を果たすためには、家庭も犠牲にする","ここ最近のあなたの職場での勤務の様子を振り返ってみてください。

次に示されるのは職場や組織における様々な行動です。

各々について、あなたが行っているものかどうかについて1～5のうちから選んでください。

 1,　まったく行わない
 2,　めったに行わない
 3,　たまに行う
 4,　しばしば行う
 5,　つねに行う

注）次のページに進むと、前のページには戻れません。 - 仕事の場以外でも積極的に自分の会社（組織）を宣伝する","ここ最近のあなたの職場での勤務の様子を振り返ってみてください。

次に示されるのは職場や組織における様々な行動です。

各々について、あなたが行っているものかどうかについて1～5のうちから選んでください。

 1,　まったく行わない
 2,　めったに行わない
 3,　たまに行う
 4,　しばしば行う
 5,　つねに行う

注）次のページに進むと、前のページには戻れません。 - 自分の会社（あるいは組織）が開催するイベントの情報を自主的に紹介する","ここ最近のあなたの職場での勤務の様子を振り返ってみてください。

次に示されるのは職場や組織における様々な行動です。

各々について、あなたが行っているものかどうかについて1～5のうちから選んでください。

 1,　まったく行わない
 2,　めったに行わない
 3,　たまに行う
 4,　しばしば行う
 5,　つねに行う

注）次のページに進むと、前のページには戻れません。 - 優秀な人材を自分の会社に入るように勧める","あなたの感じる旭丘工場の雰囲気は？
丸を当てはまる位置にスライドさせて、ご回答ください。

注）次のページに進むと、前のページには戻れません。",ランダムID
"{""ImportId"":""startDate"",""timeZone"":""Asia/Seoul""}","{""ImportId"":""endDate"",""timeZone"":""Asia/Seoul""}","{""ImportId"":""status""}","{""ImportId"":""progress""}","{""ImportId"":""duration""}","{""ImportId"":""finished""}","{""ImportId"":""recordedDate"",""timeZone"":""Asia/Seoul""}","{""ImportId"":""_recordId""}","{""ImportId"":""distributionChannel""}","{""ImportId"":""userLanguage""}","{""ImportId"":""QID13""}","{""ImportId"":""QID9_1""}","{""ImportId"":""QID9_2""}","{""ImportId"":""QID9_3""}","{""ImportId"":""QID9_4""}","{""ImportId"":""QID9_5""}","{""ImportId"":""QID9_6""}","{""ImportId"":""QID9_7""}","{""ImportId"":""QID9_8""}","{""ImportId"":""QID10_1""}","{""ImportId"":""QID10_2""}","{""ImportId"":""QID10_3""}","{""ImportId"":""QID10_4""}","{""ImportId"":""QID10_5""}","{""ImportId"":""QID10_6""}","{""ImportId"":""QID10_7""}","{""ImportId"":""QID10_8""}","{""ImportId"":""QID11_1""}","{""ImportId"":""QID11_2""}","{""ImportId"":""QID11_3""}","{""ImportId"":""QID11_4""}","{""ImportId"":""QID11_5""}","{""ImportId"":""QID11_6""}","{""ImportId"":""QID11_7""}","{""ImportId"":""QID11_8""}","{""ImportId"":""QID11_9""}","{""ImportId"":""QID12_1""}","{""ImportId"":""QID12_2""}","{""ImportId"":""QID12_3""}","{""ImportId"":""QID12_4""}","{""ImportId"":""QID12_5""}","{""ImportId"":""QID12_6""}","{""ImportId"":""QID12_7""}","{""ImportId"":""QID12_8""}","{""ImportId"":""QID14_1""}","{""ImportId"":""ランダムID""}"
2024-11-06 16:23:32,2024-11-06 16:27:50,IP Address,100,258,True,2024-11-06 16:27:51,R_4YhQgBifmuW7JxE,anonymous,JA,開発2部,4. しばしば行う,4. しばしば行う,2. めったに行わない,4. しばしば行う,2. めったに行わない,4. しばしば行う,2. めったに行わない,2. めったに行わない,2. めったに行わない,4. しばしば行う,4. しばしば行う,3. たまに行う,3. たまに行う,2. めったに行わない,2. めったに行わない,5. つねに行う,4. しばしば行う,5. つねに行う,5. つねに行う,2. めったに行わない,4. しばしば行う,5. つねに行う,5. つねに行う,5. つねに行う,3. たまに行う,4. しばしば行う,5. つねに行う,5. つねに行う,5. つねに行う,1. まったく行わない,1. まったく行わない,1. まったく行わない,1. まったく行わない,30,9631
2024-11-06 16:26:30,2024-11-06 16:32:03,IP Address,100,333,True,2024-11-06 16:32:04,R_4I9ltLtSxLOkK1U,anonymous,JA,開発2部,3. たまに行う,3. たまに行う,2. めったに行わない,2. めったに行わない,3. たまに行う,5. つねに行う,3. たまに行う,2. めったに行わない,4. しばしば行う,2. めったに行わない,3. たまに行う,2. めったに行わない,4. しばしば行う,3. たまに行う,3. たまに行う,5. つねに行う,3. たまに行う,4. しばしば行う,4. しばしば行う,2. めったに行わない,4. しばしば行う,5. つねに行う,1. まったく行わない,4. しばしば行う,3. たまに行う,3. たまに行う,4. しばしば行う,4. しばしば行う,3. たまに行う,2. めったに行わない,1. まったく行わない,1. まったく行わない,1. まったく行わない,55,9484
2024-11-06 16:24:07,2024-11-06 16:34:32,IP Address,100,625,True,2024-11-06 16:34:33,R_4K2cmUNmLNlIUjc,anonymous,JA,開発2部,4. しばしば行う,3. たまに行う,3. たまに行う,3. たまに行う,4. しばしば行う,4. しばしば行う,3. たまに行う,4. しばしば行う,2. めったに行わない,3. たまに行う,4. しばしば行う,4. しばしば行う,4. しばしば行う,4. しばしば行う,3. たまに行う,4. しばしば行う,3. たまに行う,4. しばしば行う,3. たまに行う,3. たまに行う,5. つねに行う,4. しばしば行う,4. しばしば行う,3. たまに行う,4. しばしば行う,4. しばしば行う,4. しばしば行う,4. しばしば行う,4. しばしば行う,3. たまに行う,3. たまに行う,3. たまに行う,2. めったに行わない,25,5825
2024-11-06 16:26:05,2024-11-06 16:36:17,IP Address,100,612,True,2024-11-06 16:36:18,R_4y1OlCJ8S2qQ7xT,anonymous,JA,管理部,3. たまに行う,3. たまに行う,3. たまに行う,3. たまに行う,3. たまに行う,4. しばしば行う,2. めったに行わない,3. たまに行う,3. たまに行う,3. たまに行う,3. たまに行う,3. たまに行う,2. めったに行わない,3. たまに行う,3. たまに行う,2. めったに行わない,3. たまに行う,4. しばしば行う,2. めったに行わない,3. たまに行う,4. しばしば行う,4. しばしば行う,3. たまに行う,4. しばしば行う,3. たまに行う,4. しばしば行う,4. しばしば行う,4. しばしば行う,2. めったに行わない,2. めったに行わない,2. めったに行わない,2. めったに行わない,2. めったに行わない,40,2997
2024-11-06 16:30:22,2024-11-06 16:36:34,IP Address,100,372,True,2024-11-06 16:36:35,R_4ha4cZ3fBfrJMMa,anonymous,JA,製造部,3. たまに行う,2. めったに行わない,2. めったに行わない,3. たまに行う,3. たまに行う,2. めったに行わない,2. めったに行わない,3. たまに行う,2. めったに行わない,2. めったに行わない,2. めったに行わない,3. たまに行う,4. しばしば行う,2. めったに行わない,4. しばしば行う,3. たまに行う,3. たまに行う,5. つねに行う,3. たまに行う,4. しばしば行う,4. しばしば行う,4. しばしば行う,4. しばしば行う,3. たまに行う,2. めったに行わない,3. たまに行う,4. しばしば行う,4. しばしば行う,2. めったに行わない,2. めったに行わない,1. まったく行わない,1. まったく行わない,1. まったく行わない,50,6687
2024-11-06 16:33:47,2024-11-06 16:38:24,IP Address,100,276,True,2024-11-06 16:38:25,R_4EA25aJhFD66h44,anonymous,JA,開発2部,4. しばしば行う,3. たまに行う,4. しばしば行う,4. しばしば行う,5. つねに行う,4. しばしば行う,3. たまに行う,5. つねに行う,3. たまに行う,3. たまに行う,4. しばしば行う,5. つねに行う,4. しばしば行う,4. しばしば行う,2. めったに行わない,3. たまに行う,3. たまに行う,3. たまに行う,3. たまに行う,4. しばしば行う,5. つねに行う,5. つねに行う,5. つねに行う,4. しばしば行う,5. つねに行う,5. つねに行う,5. つねに行う,5. つねに行う,4. しばしば行う,3. たまに行う,2. めったに行わない,2. めったに行わない,3. たまに行う,20,5883
2024-11-06 16:08:21,2024-11-06 16:42:11,IP Address,100,2029,True,2024-11-06 16:42:11,R_4cjCXNajr6HLWb6,anonymous,JA,事業企画開発部,3. たまに行う,3. たまに行う,3. たまに行う,3. たまに行う,4. しばしば行う,4. しばしば行う,2. めったに行わない,4. しばしば行う,4. しばしば行う,2. めったに行わない,3. たまに行う,4. しばしば行う,4. しばしば行う,2. めったに行わない,3. たまに行う,4. しばしば行う,2. めったに行わない,3. たまに行う,2. めったに行わない,3. たまに行う,4. しばしば行う,4. しばしば行う,3. たまに行う,3. たまに行う,3. たまに行う,4. しばしば行う,3. たまに行う,3. たまに行う,3. たまに行う,2. めったに行わない,4. しばしば行う,4. しばしば行う,4. しばしば行う,40,8981
2024-11-06 16:32:14,2024-11-06 16:45:31,IP Address,100,797,True,2024-11-06 16:45:32,R_4o69L4SSs7I5u1c,anonymous,JA,営業部,4. しばしば行う,2. めったに行わない,3. たまに行う,4. しばしば行う,4. しばしば行う,5. つねに行う,3. たまに行う,4. しばしば行う,3. たまに行う,3. たまに行う,4. しばしば行う,4. しばしば行う,5. つねに行う,4. しばしば行う,4. しばしば行う,5. つねに行う,3. たまに行う,3. たまに行う,4. しばしば行う,4. しばしば行う,3. たまに行う,4. しばしば行う,5. つねに行う,5. つねに行う,4. しばしば行う,3. たまに行う,5. つねに行う,4. しばしば行う,3. たまに行う,4. しばしば行う,3. たまに行う,3. たまに行う,2. めったに行わない,35,7232
2024-11-06 16:41:20,2024-11-06 16:47:30,IP Address,100,370,True,2024-11-06 16:47:30,R_4R3AC3bcx1oIBZ1,anonymous,JA,技術部,3. たまに行う,2. めったに行わない,2. めったに行わない,3. たまに行う,3. たまに行う,3. たまに行う,2. めったに行わない,3. たまに行う,2. めったに行わない,2. めったに行わない,3. たまに行う,3. たまに行う,4. しばしば行う,3. たまに行う,2. めったに行わない,3. たまに行う,3. たまに行う,4. しばしば行う,2. めったに行わない,2. めったに行わない,5. つねに行う,5. つねに行う,3. たまに行う,4. しばしば行う,3. たまに行う,4. しばしば行う,4. しばしば行う,5. つねに行う,3. たまに行う,2. めったに行わない,2. めったに行わない,2. めったに行わない,2. めったに行わない,35,5234
2024-11-06 16:40:10,2024-11-06 16:48:11,IP Address,100,480,True,2024-11-06 16:48:11,R_4MilB4h9lVRPZ0d,anonymous,JA,営業部,3. たまに行う,2. めったに行わない,1. まったく行わない,2. めったに行わない,5. つねに行う,4. しばしば行う,3. たまに行う,5. つねに行う,1. まったく行わない,2. めったに行わない,2. めったに行わない,5. つねに行う,5. つねに行う,2. めったに行わない,2. めったに行わない,4. しばしば行う,1. まったく行わない,5. つねに行う,3. たまに行う,2. めったに行わない,5. つねに行う,3. たまに行う,4. しばしば行う,2. めったに行わない,3. たまに行う,5. つねに行う,5. つねに行う,5. つねに行う,3. たまに行う,1. まったく行わない,1. まったく行わない,1. まったく行わない,1. まったく行わない,50,2076
2024-11-06 16:24:08,2024-11-06 16:50:04,IP Address,100,1556,True,2024-11-06 16:50:05,R_4fToSOQhXivwuHb,anonymous,JA,管理部,4. しばしば行う,3. たまに行う,4. しばしば行う,4. しばしば行う,3. たまに行う,4. しばしば行う,3. たまに行う,3. たまに行う,3. たまに行う,3. たまに行う,4. しばしば行う,3. たまに行う,3. たまに行う,3. たまに行う,3. たまに行う,3. たまに行う,4. しばしば行う,4. しばしば行う,4. しばしば行う,3. たまに行う,3. たまに行う,4. しばしば行う,3. たまに行う,3. たまに行う,4. しばしば行う,3. たまに行う,3. たまに行う,4. しばしば行う,4. しばしば行う,2. めったに行わない,2. めったに行わない,2. めったに行わない,2. めったに行わない,40,9087
2024-11-06 16:46:29,2024-11-06 16:52:37,IP Address,100,368,True,2024-11-06 16:52:37,R_4OxG2KeBeqqeAYU,anonymous,JA,技術部,3. たまに行う,2. めったに行わない,3. たまに行う,3. たまに行う,4. しばしば行う,4. しばしば行う,3. たまに行う,4. しばしば行う,3. たまに行う,2. めったに行わない,2. めったに行わない,4. しばしば行う,3. たまに行う,3. たまに行う,3. たまに行う,2. めったに行わない,2. めったに行わない,4. しばしば行う,2. めったに行わない,3. たまに行う,3. たまに行う,3. たまに行う,4. しばしば行う,4. しばしば行う,3. たまに行う,4. しばしば行う,4. しばしば行う,4. しばしば行う,3. たまに行う,1. まったく行わない,3. たまに行う,2. めったに行わない,3. たまに行う,30,9891
2024-11-06 16:52:33,2024-11-06 17:00:01,IP Address,100,447,True,2024-11-06 17:00:02,R_4f7deDEgGz4TO3u,anonymous,JA,技術部,3. たまに行う,4. しばしば行う,4. しばしば行う,3. たまに行う,3. たまに行う,3. たまに行う,4. しばしば行う,4. しばしば行う,3. たまに行う,4. しばしば行う,3. たまに行う,3. たまに行う,3. たまに行う,2. めったに行わない,2. めったに行わない,4. しばしば行う,3. たまに行う,4. しばしば行う,2. めったに行わない,2. めったに行わない,4. しばしば行う,4. しばしば行う,4. しばしば行う,3. たまに行う,3. たまに行う,4. しばしば行う,4. しばしば行う,5. つねに行う,4. しばしば行う,2. めったに行わない,2. めったに行わない,2. めったに行わない,2. めったに行わない,40,9092
2024-11-06 16:55:30,2024-11-06 17:04:50,IP Address,100,560,True,2024-11-06 17:04:51,R_4gdvYeRC7KCIf4B,anonymous,JA,技術部,5. つねに行う,3. たまに行う,5. つねに行う,4. しばしば行う,3. たまに行う,3. たまに行う,2. めったに行わない,4. しばしば行う,4. しばしば行う,4. しばしば行う,4. しばしば行う,5. つねに行う,3. たまに行う,4. しばしば行う,4. しばしば行う,5. つねに行う,3. たまに行う,4. しばしば行う,4. しばしば行う,5. つねに行う,5. つねに行う,5. つねに行う,4. しばしば行う,3. たまに行う,5. つねに行う,4. しばしば行う,3. たまに行う,5. つねに行う,4. しばしば行う,2. めったに行わない,2. めったに行わない,3. たまに行う,2. めったに行わない,10,1207
2024-11-06 17:02:14,2024-11-06 17:08:31,IP Address,100,377,True,2024-11-06 17:08:32,R_4YMyKpZtZ4YFJsR,anonymous,JA,開発2部,4. しばしば行う,4. しばしば行う,5. つねに行う,3. たまに行う,3. たまに行う,5. つねに行う,5. つねに行う,4. しばしば行う,4. しばしば行う,4. しばしば行う,4. しばしば行う,4. しばしば行う,3. たまに行う,4. しばしば行う,5. つねに行う,5. つねに行う,3. たまに行う,5. つねに行う,5. つねに行う,4. しばしば行う,5. つねに行う,5. つねに行う,5. つねに行う,4. しばしば行う,5. つねに行う,5. つねに行う,5. つねに行う,5. つねに行う,5. つねに行う,4. しばしば行う,2. めったに行わない,1. まったく行わない,1. まったく行わない,40,3901
2024-11-06 17:14:02,2024-11-06 17:18:04,IP Address,100,242,True,2024-11-06 17:18:05,R_4qdI07GP1cWRJkx,anonymous,JA,営業部,3. たまに行う,3. たまに行う,3. たまに行う,3. たまに行う,5. つねに行う,3. たまに行う,3. たまに行う,5. つねに行う,2. めったに行わない,3. たまに行う,3. たまに行う,5. つねに行う,5. つねに行う,4. しばしば行う,3. たまに行う,5. つねに行う,3. たまに行う,4. しばしば行う,5. つねに行う,3. たまに行う,5. つねに行う,5. つねに行う,5. つねに行う,5. つねに行う,5. つねに行う,5. つねに行う,5. つねに行う,5. つねに行う,5. つねに行う,4. しばしば行う,3. たまに行う,3. たまに行う,3. たまに行う,20,4688
2024-11-06 16:32:22,2024-11-06 19:00:01,IP Address,100,8858,True,2024-11-06 19:00:02,R_4DBj73XRW804yZa,anonymous,JA,製造部,5. つねに行う,3. たまに行う,3. たまに行う,4. しばしば行う,4. しばしば行う,5. つねに行う,3. たまに行う,4. しばしば行う,3. たまに行う,5. つねに行う,4. しばしば行う,4. しばしば行う,2. めったに行わない,4. しばしば行う,3. たまに行う,5. つねに行う,3. たまに行う,5. つねに行う,3. たまに行う,3. たまに行う,5. つねに行う,4. しばしば行う,4. しばしば行う,2. めったに行わない,3. たまに行う,4. しばしば行う,4. しばしば行う,4. しばしば行う,4. しばしば行う,3. たまに行う,2. めったに行わない,1. まったく行わない,2. めったに行わない,45,4910
2024-11-07 08:31:16,2024-11-07 08:34:57,IP Address,100,220,True,2024-11-07 08:34:57,R_48L0ou0gQkPtpi9,anonymous,JA,技術部,3. たまに行う,4. しばしば行う,4. しばしば行う,3. たまに行う,3. たまに行う,5. つねに行う,5. つねに行う,4. しばしば行う,3. たまに行う,3. たまに行う,3. たまに行う,4. しばしば行う,4. しばしば行う,4. しばしば行う,4. しばしば行う,4. しばしば行う,2. めったに行わない,4. しばしば行う,4. しばしば行う,3. たまに行う,5. つねに行う,5. つねに行う,4. しばしば行う,4. しばしば行う,4. しばしば行う,4. しばしば行う,4. しばしば行う,4. しばしば行う,4. しばしば行う,2. めったに行わない,2. めったに行わない,2. めったに行わない,2. めったに行わない,50,8269
2024-11-07 08:30:25,2024-11-07 08:36:14,IP Address,100,349,True,2024-11-07 08:36:15,R_4Jf04wnelkcTWoh,anonymous,JA,技術部,3. たまに行う,3. たまに行う,4. しばしば行う,3. たまに行う,3. たまに行う,3. たまに行う,4. しばしば行う,4. しばしば行う,4. しばしば行う,3. たまに行う,3. たまに行う,2. めったに行わない,3. たまに行う,3. たまに行う,4. しばしば行う,4. しばしば行う,4. しばしば行う,4. しばしば行う,3. たまに行う,4. しばしば行う,5. つねに行う,4. しばしば行う,3. たまに行う,3. たまに行う,3. たまに行う,4. しばしば行う,3. たまに行う,4. しばしば行う,3. たまに行う,1. まったく行わない,3. たまに行う,2. めったに行わない,3. たまに行う,30,6858
2024-11-07 08:32:50,2024-11-07 08:38:35,IP Address,100,345,True,2024-11-07 08:38:36,R_4CpsBm4WYnAmxHl,anonymous,JA,管理部,4. しばしば行う,3. たまに行う,4. しばしば行う,4. しばしば行う,2. めったに行わない,3. たまに行う,3. たまに行う,3. たまに行う,4. しばしば行う,3. たまに行う,4. しばしば行う,4. しばしば行う,4. しばしば行う,3. たまに行う,3. たまに行う,2. めったに行わない,3. たまに行う,4. しばしば行う,4. しばしば行う,4. しばしば行う,4. しばしば行う,4. しばしば行う,4. しばしば行う,3. たまに行う,4. しばしば行う,4. しばしば行う,5. つねに行う,5. つねに行う,4. しばしば行う,3. たまに行う,1. まったく行わない,3. たまに行う,1. まったく行わない,65,3698
2024-11-07 08:45:27,2024-11-07 08:59:17,IP Address,100,829,True,2024-11-07 08:59:17,R_4j6UbuXwKO8Nbhf,anonymous,JA,管理部,3. たまに行う,3. たまに行う,3. たまに行う,2. めったに行わない,4. しばしば行う,4. しばしば行う,4. しばしば行う,3. たまに行う,3. たまに行う,4. しばしば行う,3. たまに行う,3. たまに行う,5. つねに行う,3. たまに行う,4. しばしば行う,3. たまに行う,3. たまに行う,5. つねに行う,3. たまに行う,2. めったに行わない,5. つねに行う,4. しばしば行う,4. しばしば行う,4. しばしば行う,3. たまに行う,4. しばしば行う,4. しばしば行う,4. しばしば行う,2. めったに行わない,1. まったく行わない,1. まったく行わない,1. まったく行わない,1. まったく行わない,76,1279
2024-11-07 09:16:34,2024-11-07 09:19:43,IP Address,100,188,True,2024-11-07 09:19:43,R_4JmYrZBiqz13xvh,anonymous,JA,製造部,3. たまに行う,2. めったに行わない,4. しばしば行う,3. たまに行う,2. めったに行わない,5. つねに行う,5. つねに行う,2. めったに行わない,2. めったに行わない,2. めったに行わない,3. たまに行う,3. たまに行う,2. めったに行わない,2. めったに行わない,3. たまに行う,3. たまに行う,3. たまに行う,2. めったに行わない,3. たまに行う,3. たまに行う,3. たまに行う,3. たまに行う,2. めったに行わない,3. たまに行う,4. しばしば行う,3. たまに行う,3. たまに行う,4. しばしば行う,4. しばしば行う,1. まったく行わない,3. たまに行う,3. たまに行う,2. めったに行わない,65,2522
2024-11-07 09:27:56,2024-11-07 09:37:57,IP Address,100,600,True,2024-11-07 09:37:58,R_4xXWfMeXKVOwtBD,anonymous,JA,製造部,3. たまに行う,4. しばしば行う,4. しばしば行う,4. しばしば行う,4. しばしば行う,4. しばしば行う,3. たまに行う,3. たまに行う,3. たまに行う,2. めったに行わない,3. たまに行う,4. しばしば行う,4. しばしば行う,2. めったに行わない,5. つねに行う,5. つねに行う,4. しばしば行う,5. つねに行う,3. たまに行う,4. しばしば行う,5. つねに行う,5. つねに行う,5. つねに行う,4. しばしば行う,5. つねに行う,5. つねに行う,5. つねに行う,5. つねに行う,5. つねに行う,3. たまに行う,3. たまに行う,2. めったに行わない,3. たまに行う,40,3541
2024-11-07 08:33:23,2024-11-07 09:58:01,IP Address,100,5077,True,2024-11-07 09:58:01,R_4s2RyNqTmIPGRdT,anonymous,JA,製造部,4. しばしば行う,5. つねに行う,4. しばしば行う,3. たまに行う,4. しばしば行う,4. しばしば行う,4. しばしば行う,5. つねに行う,4. しばしば行う,5. つねに行う,4. しばしば行う,2. めったに行わない,2. めったに行わない,3. たまに行う,3. たまに行う,5. つねに行う,3. たまに行う,5. つねに行う,4. しばしば行う,4. しばしば行う,4. しばしば行う,5. つねに行う,4. しばしば行う,4. しばしば行う,4. しばしば行う,4. しばしば行う,5. つねに行う,5. つねに行う,5. つねに行う,2. めったに行わない,4. しばしば行う,3. たまに行う,1. まったく行わない,60,6571
2024-11-07 10:06:16,2024-11-07 10:13:39,IP Address,100,442,True,2024-11-07 10:13:39,R_4lEReYVU4OYyPg3,anonymous,JA,製造部,4. しばしば行う,3. たまに行う,3. たまに行う,4. しばしば行う,4. しばしば行う,3. たまに行う,4. しばしば行う,3. たまに行う,3. たまに行う,3. たまに行う,4. しばしば行う,4. しばしば行う,4. しばしば行う,2. めったに行わない,4. しばしば行う,5. つねに行う,3. たまに行う,4. しばしば行う,4. しばしば行う,4. しばしば行う,5. つねに行う,5. つねに行う,5. つねに行う,4. しばしば行う,5. つねに行う,4. しばしば行う,4. しばしば行う,5. つねに行う,5. つねに行う,2. めったに行わない,3. たまに行う,4. しばしば行う,3. たまに行う,50,6088
2024-11-07 10:11:16,2024-11-07 10:19:31,IP Address,100,495,True,2024-11-07 10:19:32,R_4RqEarzVRPPqVkm,anonymous,JA,管理部,2. めったに行わない,3. たまに行う,2. めったに行わない,2. めったに行わない,4. しばしば行う,3. たまに行う,4. しばしば行う,4. しばしば行う,1. まったく行わない,3. たまに行う,2. めったに行わない,4. しばしば行う,4. しばしば行う,3. たまに行う,3. たまに行う,4. しばしば行う,2. めったに行わない,3. たまに行う,2. めったに行わない,2. めったに行わない,3. たまに行う,3. たまに行う,3. たまに行う,4. しばしば行う,3. たまに行う,4. しばしば行う,4. しばしば行う,4. しばしば行う,3. たまに行う,1. まったく行わない,1. まったく行わない,1. まったく行わない,1. まったく行わない,50,3898
2024-11-07 10:52:25,2024-11-07 11:02:03,IP Address,100,578,True,2024-11-07 11:02:03,R_4uwTibsc9ZdI54A,anonymous,JA,営業部,4. しばしば行う,2. めったに行わない,4. しばしば行う,3. たまに行う,5. つねに行う,3. たまに行う,2. めったに行わない,4. しばしば行う,2. めったに行わない,3. たまに行う,3. たまに行う,4. しばしば行う,4. しばしば行う,2. めったに行わない,4. しばしば行う,5. つねに行う,4. しばしば行う,5. つねに行う,3. たまに行う,3. たまに行う,4. しばしば行う,5. つねに行う,4. しばしば行う,3. たまに行う,4. しばしば行う,5. つねに行う,5. つねに行う,5. つねに行う,4. しばしば行う,5. つねに行う,3. たまに行う,4. しばしば行う,2. めったに行わない,50,5226
2024-11-07 11:13:56,2024-11-07 11:20:04,IP Address,100,367,True,2024-11-07 11:20:05,R_4ke1pRMNxPFu5hL,anonymous,JA,営業部,4. しばしば行う,5. つねに行う,5. つねに行う,3. たまに行う,2. めったに行わない,4. しばしば行う,5. つねに行う,4. しばしば行う,4. しばしば行う,5. つねに行う,3. たまに行う,4. しばしば行う,3. たまに行う,3. たまに行う,3. たまに行う,3. たまに行う,3. たまに行う,5. つねに行う,3. たまに行う,3. たまに行う,5. つねに行う,4. しばしば行う,3. たまに行う,3. たまに行う,3. たまに行う,4. しばしば行う,4. しばしば行う,5. つねに行う,4. しばしば行う,2. めったに行わない,3. たまに行う,1. まったく行わない,3. たまに行う,20,9828
2024-11-07 13:23:12,2024-11-07 13:36:49,IP Address,100,816,True,2024-11-07 13:36:50,R_4dR1tu7dmGIy7Ok,anonymous,JA,製造部,4. しばしば行う,5. つねに行う,5. つねに行う,4. しばしば行う,4. しばしば行う,4. しばしば行う,4. しばしば行う,4. しばしば行う,3. たまに行う,5. つねに行う,4. しばしば行う,4. しばしば行う,3. たまに行う,3. たまに行う,4. しばしば行う,4. しばしば行う,4. しばしば行う,5. つねに行う,4. しばしば行う,4. しばしば行う,5. つねに行う,4. しばしば行う,4. しばしば行う,4. しばしば行う,4. しばしば行う,5. つねに行う,5. つねに行う,5. つねに行う,5. つねに行う,2. めったに行わない,3. たまに行う,2. めったに行わない,2. めったに行わない,50,6659
2024-11-07 13:56:27,2024-11-07 14:00:31,IP Address,100,244,True,2024-11-07 14:00:32,R_4OknMPEJdtptNwS,anonymous,JA,開発2部,3. たまに行う,2. めったに行わない,4. しばしば行う,3. たまに行う,2. めったに行わない,4. しばしば行う,3. たまに行う,3. たまに行う,4. しばしば行う,3. たまに行う,3. たまに行う,3. たまに行う,2. めったに行わない,2. めったに行わない,3. たまに行う,4. しばしば行う,3. たまに行う,4. しばしば行う,4. しばしば行う,4. しばしば行う,5. つねに行う,5. つねに行う,5. つねに行う,2. めったに行わない,4. しばしば行う,4. しばしば行う,2. めったに行わない,4. しばしば行う,5. つねに行う,3. たまに行う,2. めったに行わない,3. たまに行う,1. まったく行わない,7,4541
2024-11-07 14:20:50,2024-11-07 14:27:38,IP Address,100,407,True,2024-11-07 14:27:38,R_4dMC92mBqlJSmfV,anonymous,JA,開発2部,3. たまに行う,4. しばしば行う,3. たまに行う,3. たまに行う,4. しばしば行う,3. たまに行う,2. めったに行わない,4. しばしば行う,2. めったに行わない,3. たまに行う,3. たまに行う,4. しばしば行う,3. たまに行う,3. たまに行う,3. たまに行う,4. しばしば行う,3. たまに行う,4. しばしば行う,2. めったに行わない,3. たまに行う,5. つねに行う,4. しばしば行う,3. たまに行う,3. たまに行う,3. たまに行う,3. たまに行う,4. しばしば行う,4. しばしば行う,4. しばしば行う,3. たまに行う,2. めったに行わない,2. めったに行わない,2. めったに行わない,50,7689
2024-11-07 09:32:17,2024-11-07 16:15:43,IP Address,100,24205,True,2024-11-07 16:15:43,R_4uyw1ntYAGby6Kf,anonymous,JA,開発2部,3. たまに行う,3. たまに行う,3. たまに行う,3. たまに行う,3. たまに行う,3. たまに行う,3. たまに行う,3. たまに行う,2. めったに行わない,3. たまに行う,3. たまに行う,4. しばしば行う,4. しばしば行う,3. たまに行う,3. たまに行う,4. しばしば行う,2. めったに行わない,4. しばしば行う,2. めったに行わない,2. めったに行わない,4. しばしば行う,3. たまに行う,2. めったに行わない,4. しばしば行う,3. たまに行う,4. しばしば行う,4. しばしば行う,4. しばしば行う,4. しばしば行う,2. めったに行わない,2. めったに行わない,2. めったに行わない,2. めったに行わない,70,6180
2024-11-07 18:36:00,2024-11-07 18:42:56,IP Address,100,415,True,2024-11-07 18:42:57,R_4G7ZLlV8L7MjCEI,anonymous,JA,製造部,3. たまに行う,5. つねに行う,3. たまに行う,4. しばしば行う,5. つねに行う,3. たまに行う,4. しばしば行う,4. しばしば行う,2. めったに行わない,5. つねに行う,3. たまに行う,5. つねに行う,4. しばしば行う,3. たまに行う,4. しばしば行う,4. しばしば行う,3. たまに行う,4. しばしば行う,3. たまに行う,4. しばしば行う,4. しばしば行う,4. しばしば行う,4. しばしば行う,4. しばしば行う,4. しばしば行う,4. しばしば行う,5. つねに行う,4. しばしば行う,3. たまに行う,4. しばしば行う,2. めったに行わない,2. めったに行わない,1. まったく行わない,50,1481
2024-11-08 08:08:18,2024-11-08 08:16:28,IP Address,100,490,True,2024-11-08 08:16:29,R_4HC8HnOBzoWcE6v,anonymous,JA,製造部,1. まったく行わない,4. しばしば行う,2. めったに行わない,4. しばしば行う,4. しばしば行う,4. しばしば行う,3. たまに行う,4. しばしば行う,2. めったに行わない,3. たまに行う,2. めったに行わない,4. しばしば行う,4. しばしば行う,3. たまに行う,3. たまに行う,5. つねに行う,2. めったに行わない,5. つねに行う,1. まったく行わない,2. めったに行わない,5. つねに行う,4. しばしば行う,3. たまに行う,5. つねに行う,3. たまに行う,5. つねに行う,4. しばしば行う,4. しばしば行う,3. たまに行う,2. めったに行わない,2. めったに行わない,1. まったく行わない,1. まったく行わない,90,3013
2024-11-08 08:39:14,2024-11-08 08:42:44,IP Address,100,210,True,2024-11-08 08:42:44,R_4QSsFkktfLz1pAM,anonymous,JA,営業部,4. しばしば行う,3. たまに行う,3. たまに行う,3. たまに行う,4. しばしば行う,4. しばしば行う,4. しばしば行う,4. しばしば行う,3. たまに行う,3. たまに行う,4. しばしば行う,4. しばしば行う,3. たまに行う,4. しばしば行う,4. しばしば行う,4. しばしば行う,4. しばしば行う,5. つねに行う,4. しばしば行う,4. しばしば行う,5. つねに行う,4. しばしば行う,4. しばしば行う,4. しばしば行う,4. しばしば行う,4. しばしば行う,4. しばしば行う,4. しばしば行う,4. しばしば行う,3. たまに行う,2. めったに行わない,2. めったに行わない,3. たまに行う,40,4812
2024-11-08 08:48:37,2024-11-08 08:55:31,IP Address,100,413,True,2024-11-08 08:55:32,R_47gaTgbiAxcO91v,anonymous,JA,技術部,4. しばしば行う,2. めったに行わない,2. めったに行わない,3. たまに行う,3. たまに行う,2. めったに行わない,2. めったに行わない,3. たまに行う,2. めったに行わない,2. めったに行わない,4. しばしば行う,3. たまに行う,5. つねに行う,2. めったに行わない,3. たまに行う,4. しばしば行う,3. たまに行う,5. つねに行う,3. たまに行う,3. たまに行う,5. つねに行う,4. しばしば行う,3. たまに行う,3. たまに行う,3. たまに行う,5. つねに行う,5. つねに行う,5. つねに行う,3. たまに行う,2. めったに行わない,2. めったに行わない,1. まったく行わない,1. まったく行わない,50,9464
2024-11-08 08:57:37,2024-11-08 09:09:44,IP Address,100,727,True,2024-11-08 09:09:44,R_4BwX4wvQpdzdiln,anonymous,JA,派遣/契約社員,3. たまに行う,5. つねに行う,3. たまに行う,3. たまに行う,5. つねに行う,3. たまに行う,5. つねに行う,5. つねに行う,1. まったく行わない,5. つねに行う,4. しばしば行う,5. つねに行う,4. しばしば行う,4. しばしば行う,3. たまに行う,5. つねに行う,3. たまに行う,5. つねに行う,3. たまに行う,4. しばしば行う,5. つねに行う,4. しばしば行う,3. たまに行う,4. しばしば行う,4. しばしば行う,4. しばしば行う,4. しばしば行う,5. つねに行う,2. めったに行わない,1. まったく行わない,2. めったに行わない,2. めったに行わない,1. まったく行わない,70,9339
2024-11-08 09:42:13,2024-11-08 09:46:04,IP Address,100,231,True,2024-11-08 09:46:05,R_48APHdOH5r10XW9,anonymous,JA,開発2部,3. たまに行う,5. つねに行う,4. しばしば行う,3. たまに行う,2. めったに行わない,4. しばしば行う,4. しばしば行う,2. めったに行わない,3. たまに行う,5. つねに行う,3. たまに行う,3. たまに行う,2. めったに行わない,4. しばしば行う,4. しばしば行う,4. しばしば行う,3. たまに行う,3. たまに行う,4. しばしば行う,4. しばしば行う,4. しばしば行う,4. しばしば行う,4. しばしば行う,3. たまに行う,4. しばしば行う,3. たまに行う,4. しばしば行う,4. しばしば行う,4. しばしば行う,4. しばしば行う,4. しばしば行う,3. たまに行う,2. めったに行わない,30,4152
2024-11-08 09:58:11,2024-11-08 10:10:22,IP Address,100,731,True,2024-11-08 10:10:23,R_4kBhpiKsaebE4ud,anonymous,JA,派遣/契約社員,2. めったに行わない,5. つねに行う,2. めったに行わない,2. めったに行わない,5. つねに行う,4. しばしば行う,5. つねに行う,4. しばしば行う,1. まったく行わない,4. しばしば行う,2. めったに行わない,4. しばしば行う,5. つねに行う,5. つねに行う,4. しばしば行う,5. つねに行う,1. まったく行わない,5. つねに行う,1. まったく行わない,4. しばしば行う,5. つねに行う,3. たまに行う,5. つねに行う,4. しばしば行う,3. たまに行う,4. しばしば行う,5. つねに行う,5. つねに行う,5. つねに行う,2. めったに行わない,1. まったく行わない,1. まったく行わない,1. まったく行わない,50,2781
2024-11-08 10:17:53,2024-11-08 10:24:39,IP Address,100,405,True,2024-11-08 10:24:39,R_4s5sLLq54fuF4cV,qr,JA,派遣/契約社員,4. しばしば行う,5. つねに行う,3. たまに行う,4. しばしば行う,4. しばしば行う,2. めったに行わない,5. つねに行う,3. たまに行う,1. まったく行わない,5. つねに行う,4. しばしば行う,3. たまに行う,3. たまに行う,3. たまに行う,4. しばしば行う,5. つねに行う,2. めったに行わない,4. しばしば行う,5. つねに行う,3. たまに行う,5. つねに行う,4. しばしば行う,4. しばしば行う,3. たまに行う,4. しばしば行う,4. しばしば行う,4. しばしば行う,5. つねに行う,2. めったに行わない,1. まったく行わない,1. まったく行わない,1. まったく行わない,1. まったく行わない,36,7780
2024-11-08 10:30:07,2024-11-08 10:35:22,IP Address,100,315,True,2024-11-08 10:35:23,R_4g7MkusewqeiOA1,qr,JA,派遣/契約社員,4. しばしば行う,5. つねに行う,2. めったに行わない,2. めったに行わない,2. めったに行わない,1. まったく行わない,3. たまに行う,3. たまに行う,1. まったく行わない,4. しばしば行う,4. しばしば行う,3. たまに行う,3. たまに行う,2. めったに行わない,2. めったに行わない,5. つねに行う,2. めったに行わない,3. たまに行う,2. めったに行わない,2. めったに行わない,5. つねに行う,5. つねに行う,5. つねに行う,4. しばしば行う,5. つねに行う,1. まったく行わない,5. つねに行う,5. つねに行う,3. たまに行う,2. めったに行わない,2. めったに行わない,2. めったに行わない,1. まったく行わない,43,1713
2024-11-08 10:30:27,2024-11-08 10:37:31,IP Address,100,424,True,2024-11-08 10:37:31,R_4rPkVGcWvuyUkUW,qr,JA,派遣/契約社員,3. たまに行う,4. しばしば行う,4. しばしば行う,3. たまに行う,3. たまに行う,2. めったに行わない,3. たまに行う,3. たまに行う,1. まったく行わない,3. たまに行う,3. たまに行う,3. たまに行う,3. たまに行う,3. たまに行う,3. たまに行う,3. たまに行う,2. めったに行わない,4. しばしば行う,2. めったに行わない,3. たまに行う,5. つねに行う,3. たまに行う,3. たまに行う,3. たまに行う,4. しばしば行う,4. しばしば行う,4. しばしば行う,4. しばしば行う,4. しばしば行う,1. まったく行わない,1. まったく行わない,1. まったく行わない,1. まったく行わない,75,3268
2024-11-08 10:40:16,2024-11-08 10:50:59,IP Address,100,643,True,2024-11-08 10:51:00,R_410n4H6ApOG1aEx,qr,JA,製造部,5. つねに行う,4. しばしば行う,4. しばしば行う,5. つねに行う,5. つねに行う,2. めったに行わない,5. つねに行う,5. つねに行う,4. しばしば行う,4. しばしば行う,5. つねに行う,4. しばしば行う,5. つねに行う,3. たまに行う,2. めったに行わない,5. つねに行う,1. まったく行わない,5. つねに行う,1. まったく行わない,2. めったに行わない,5. つねに行う,5. つねに行う,2. めったに行わない,5. つねに行う,5. つねに行う,5. つねに行う,5. つねに行う,5. つねに行う,5. つねに行う,3. たまに行う,1. まったく行わない,1. まったく行わない,1. まったく行わない,40,1484
2024-11-08 10:18:29,2024-11-08 11:24:06,IP Address,100,3936,True,2024-11-08 11:24:07,R_4I6fvW7T3ZTvEIN,anonymous,JA,営業部,5. つねに行う,3. たまに行う,5. つねに行う,5. つねに行う,3. たまに行う,4. しばしば行う,3. たまに行う,5. つねに行う,3. たまに行う,3. たまに行う,5. つねに行う,4. しばしば行う,3. たまに行う,4. しばしば行う,3. たまに行う,4. しばしば行う,3. たまに行う,5. つねに行う,3. たまに行う,5. つねに行う,5. つねに行う,5. つねに行う,5. つねに行う,4. しばしば行う,4. しばしば行う,4. しばしば行う,5. つねに行う,5. つねに行う,4. しばしば行う,3. たまに行う,4. しばしば行う,4. しばしば行う,4. しばしば行う,30,6984
2024-11-08 11:45:23,2024-11-08 11:54:24,IP Address,100,540,True,2024-11-08 11:54:24,R_41bvwqmt3kcTRmm,anonymous,JA,製造部,4. しばしば行う,3. たまに行う,3. たまに行う,3. たまに行う,5. つねに行う,2. めったに行わない,3. たまに行う,5. つねに行う,3. たまに行う,3. たまに行う,4. しばしば行う,5. つねに行う,3. たまに行う,4. しばしば行う,4. しばしば行う,5. つねに行う,3. たまに行う,4. しばしば行う,3. たまに行う,3. たまに行う,5. つねに行う,4. しばしば行う,3. たまに行う,5. つねに行う,5. つねに行う,5. つねに行う,4. しばしば行う,5. つねに行う,4. しばしば行う,4. しばしば行う,2. めったに行わない,3. たまに行う,2. めったに行わない,50,8173
2024-11-08 12:01:18,2024-11-08 12:07:30,IP Address,100,371,True,2024-11-08 12:07:30,R_4ibzzqSBmlOlzgS,qr,JA,派遣/契約社員,3. たまに行う,4. しばしば行う,3. たまに行う,3. たまに行う,4. しばしば行う,3. たまに行う,3. たまに行う,4. しばしば行う,1. まったく行わない,3. たまに行う,2. めったに行わない,4. しばしば行う,4. しばしば行う,4. しばしば行う,3. たまに行う,4. しばしば行う,2. めったに行わない,4. しばしば行う,2. めったに行わない,2. めったに行わない,4. しばしば行う,4. しばしば行う,4. しばしば行う,3. たまに行う,3. たまに行う,4. しばしば行う,4. しばしば行う,4. しばしば行う,3. たまに行う,2. めったに行わない,2. めったに行わない,2. めったに行わない,2. めったに行わない,60,6750
2024-11-08 13:03:42,2024-11-08 13:14:50,IP Address,100,667,True,2024-11-08 13:14:51,R_4GxnkQCTvUjf9dD,anonymous,JA,技術部,3. たまに行う,5. つねに行う,2. めったに行わない,2. めったに行わない,4. しばしば行う,2. めったに行わない,5. つねに行う,4. しばしば行う,1. まったく行わない,5. つねに行う,4. しばしば行う,2. めったに行わない,3. たまに行う,2. めったに行わない,2. めったに行わない,3. たまに行う,1. まったく行わない,3. たまに行う,2. めったに行わない,4. しばしば行う,4. しばしば行う,3. たまに行う,1. まったく行わない,3. たまに行う,2. めったに行わない,3. たまに行う,3. たまに行う,4. しばしば行う,2. めったに行わない,3. たまに行う,1. まったく行わない,1. まったく行わない,1. まったく行わない,50,3857
2024-11-08 13:12:17,2024-11-08 13:18:23,IP Address,100,366,True,2024-11-08 13:18:24,R_4v53w7OyfM9yokp,anonymous,JA,派遣/契約社員,3. たまに行う,3. たまに行う,3. たまに行う,3. たまに行う,3. たまに行う,3. たまに行う,4. しばしば行う,4. しばしば行う,3. たまに行う,3. たまに行う,3. たまに行う,3. たまに行う,4. しばしば行う,4. しばしば行う,4. しばしば行う,4. しばしば行う,2. めったに行わない,4. しばしば行う,3. たまに行う,4. しばしば行う,4. しばしば行う,4. しばしば行う,4. しばしば行う,4. しばしば行う,4. しばしば行う,4. しばしば行う,4. しばしば行う,5. つねに行う,5. つねに行う,1. まったく行わない,3. たまに行う,2. めったに行わない,2. めったに行わない,50,6474
2024-11-08 13:12:44,2024-11-08 13:21:39,IP Address,100,535,True,2024-11-08 13:21:40,R_4rdJmylZr9ZROfq,qr,JA,製造部,3. たまに行う,2. めったに行わない,3. たまに行う,2. めったに行わない,3. たまに行う,2. めったに行わない,4. しばしば行う,5. つねに行う,1. まったく行わない,3. たまに行う,3. たまに行う,4. しばしば行う,2. めったに行わない,3. たまに行う,3. たまに行う,5. つねに行う,2. めったに行わない,4. しばしば行う,5. つねに行う,4. しばしば行う,4. しばしば行う,4. しばしば行う,3. たまに行う,3. たまに行う,3. たまに行う,3. たまに行う,3. たまに行う,4. しばしば行う,3. たまに行う,3. たまに行う,2. めったに行わない,2. めったに行わない,1. まったく行わない,75,6000
2024-11-08 13:16:53,2024-11-08 13:23:15,IP Address,100,381,True,2024-11-08 13:23:15,R_41ZuNYmoiC8ozlK,qr,JA,派遣/契約社員,3. たまに行う,4. しばしば行う,3. たまに行う,4. しばしば行う,4. しばしば行う,2. めったに行わない,2. めったに行わない,4. しばしば行う,2. めったに行わない,5. つねに行う,3. たまに行う,3. たまに行う,3. たまに行う,4. しばしば行う,3. たまに行う,4. しばしば行う,1. まったく行わない,4. しばしば行う,1. まったく行わない,3. たまに行う,4. しばしば行う,4. しばしば行う,4. しばしば行う,2. めったに行わない,5. つねに行う,5. つねに行う,4. しばしば行う,5. つねに行う,4. しばしば行う,3. たまに行う,2. めったに行わない,2. めったに行わない,1. まったく行わない,50,2009
2024-11-08 13:28:44,2024-11-08 13:33:17,IP Address,100,272,True,2024-11-08 13:33:17,R_4MaFSbVDFg4BryH,qr,JA,派遣/契約社員,4. しばしば行う,3. たまに行う,1. まったく行わない,3. たまに行う,4. しばしば行う,2. めったに行わない,3. たまに行う,4. しばしば行う,1. まったく行わない,3. たまに行う,3. たまに行う,5. つねに行う,5. つねに行う,3. たまに行う,4. しばしば行う,5. つねに行う,2. めったに行わない,3. たまに行う,2. めったに行わない,3. たまに行う,4. しばしば行う,4. しばしば行う,1. まったく行わない,5. つねに行う,4. しばしば行う,4. しばしば行う,4. しばしば行う,5. つねに行う,2. めったに行わない,1. まったく行わない,1. まったく行わない,1. まったく行わない,1. まったく行わない,90,8517
2024-11-08 13:39:57,2024-11-08 13:45:28,IP Address,100,331,True,2024-11-08 13:45:28,R_4FWpUPn2aYZDFyH,qr,JA,派遣/契約社員,4. しばしば行う,4. しばしば行う,2. めったに行わない,4. しばしば行う,5. つねに行う,2. めったに行わない,5. つねに行う,4. しばしば行う,1. まったく行わない,3. たまに行う,4. しばしば行う,4. しばしば行う,4. しばしば行う,4. しばしば行う,5. つねに行う,3. たまに行う,4. しばしば行う,3. たまに行う,2. めったに行わない,4. しばしば行う,4. しばしば行う,4. しばしば行う,2. めったに行わない,2. めったに行わない,5. つねに行う,3. たまに行う,4. しばしば行う,5. つねに行う,5. つねに行う,2. めったに行わない,2. めったに行わない,1. まったく行わない,1. まったく行わない,60,3552
2024-11-08 15:02:36,2024-11-08 15:06:43,IP Address,100,246,True,2024-11-08 15:06:44,R_4JFTvE8AjhcKpbN,qr,JA,派遣/契約社員,3. たまに行う,3. たまに行う,2. めったに行わない,2. めったに行わない,3. たまに行う,2. めったに行わない,2. めったに行わない,3. たまに行う,1. まったく行わない,2. めったに行わない,2. めったに行わない,3. たまに行う,3. たまに行う,2. めったに行わない,2. めったに行わない,2. めったに行わない,3. たまに行う,3. たまに行う,2. めったに行わない,3. たまに行う,3. たまに行う,3. たまに行う,3. たまに行う,2. めったに行わない,3. たまに行う,3. たまに行う,3. たまに行う,4. しばしば行う,4. しばしば行う,2. めったに行わない,2. めったに行わない,2. めったに行わない,1. まったく行わない,59,2956
2024-11-08 15:03:01,2024-11-08 15:08:30,IP Address,100,328,True,2024-11-08 15:08:31,R_4ImXanj0LQ28FjA,qr,JA,製造部,3. たまに行う,4. しばしば行う,4. しばしば行う,3. たまに行う,4. しばしば行う,2. めったに行わない,4. しばしば行う,3. たまに行う,1. まったく行わない,4. しばしば行う,2. めったに行わない,4. しばしば行う,4. しばしば行う,2. めったに行わない,3. たまに行う,5. つねに行う,2. めったに行わない,4. しばしば行う,2. めったに行わない,4. しばしば行う,5. つねに行う,4. しばしば行う,3. たまに行う,4. しばしば行う,4. しばしば行う,3. たまに行う,4. しばしば行う,5. つねに行う,3. たまに行う,2. めったに行わない,1. まったく行わない,1. まったく行わない,1. まったく行わない,50,8152
2024-11-08 15:34:21,2024-11-08 15:39:19,IP Address,100,297,True,2024-11-08 15:39:20,R_4OCw95UdKf4EOQh,anonymous,JA,管理部,5. つねに行う,3. たまに行う,5. つねに行う,4. しばしば行う,2. めったに行わない,3. たまに行う,3. たまに行う,4. しばしば行う,2. めったに行わない,2. めったに行わない,5. つねに行う,5. つねに行う,5. つねに行う,5. つねに行う,3. たまに行う,3. たまに行う,3. たまに行う,5. つねに行う,1. まったく行わない,3. たまに行う,5. つねに行う,5. つねに行う,5. つねに行う,3. たまに行う,3. たまに行う,4. しばしば行う,5. つねに行う,5. つねに行う,5. つねに行う,4. しばしば行う,3. たまに行う,3. たまに行う,2. めったに行わない,70,1019
2024-11-09 07:38:17,2024-11-09 07:44:28,IP Address,100,370,True,2024-11-09 07:44:29,R_4HRDAQeUK0E4EB4,qr,JA,派遣/契約社員,3. たまに行う,5. つねに行う,2. めったに行わない,3. たまに行う,5. つねに行う,2. めったに行わない,5. つねに行う,5. つねに行う,1. まったく行わない,5. つねに行う,3. たまに行う,3. たまに行う,2. めったに行わない,3. たまに行う,3. たまに行う,3. たまに行う,1. まったく行わない,4. しばしば行う,1. まったく行わない,1. まったく行わない,5. つねに行う,4. しばしば行う,4. しばしば行う,1. まったく行わない,5. つねに行う,5. つねに行う,5. つねに行う,5. つねに行う,1. まったく行わない,1. まったく行わない,1. まったく行わない,1. まったく行わない,1. まったく行わない,80,4905
2024-11-08 15:02:23,2024-11-09 10:37:05,IP Address,100,70482,True,2024-11-09 10:37:06,R_42F7SjMqzvwBTNv,qr,JA,派遣/契約社員,4. しばしば行う,3. たまに行う,2. めったに行わない,4. しばしば行う,5. つねに行う,2. めったに行わない,3. たまに行う,5. つねに行う,2. めったに行わない,3. たまに行う,3. たまに行う,5. つねに行う,5. つねに行う,5. つねに行う,4. しばしば行う,5. つねに行う,2. めったに行わない,5. つねに行う,2. めったに行わない,3. たまに行う,5. つねに行う,5. つねに行う,4. しばしば行う,5. つねに行う,5. つねに行う,5. つねに行う,5. つねに行う,5. つねに行う,5. つねに行う,4. しばしば行う,1. まったく行わない,1. まったく行わない,1. まったく行わない,80,3087
2024-11-09 10:31:26,2024-11-09 12:22:33,IP Address,100,6666,True,2024-11-09 12:22:33,R_4anZmdxfTJ5FACB,qr,JA,派遣/契約社員,2. めったに行わない,4. しばしば行う,2. めったに行わない,3. たまに行う,5. つねに行う,2. めったに行わない,4. しばしば行う,5. つねに行う,2. めったに行わない,3. たまに行う,2. めったに行わない,5. つねに行う,4. しばしば行う,2. めったに行わない,3. たまに行う,4. しばしば行う,1. まったく行わない,3. たまに行う,2. めったに行わない,3. たまに行う,4. しばしば行う,2. めったに行わない,3. たまに行う,4. しばしば行う,3. たまに行う,4. しばしば行う,3. たまに行う,4. しばしば行う,1. まったく行わない,2. めったに行わない,2. めったに行わない,1. まったく行わない,1. まったく行わない,80,3576
2024-11-11 08:32:16,2024-11-11 08:35:47,IP Address,100,211,True,2024-11-11 08:35:48,R_4WMh8U3O12kXoEX,qr,JA,派遣/契約社員,3. たまに行う,4. しばしば行う,3. たまに行う,3. たまに行う,3. たまに行う,3. たまに行う,4. しばしば行う,3. たまに行う,2. めったに行わない,4. しばしば行う,3. たまに行う,3. たまに行う,4. しばしば行う,4. しばしば行う,4. しばしば行う,4. しばしば行う,2. めったに行わない,4. しばしば行う,4. しばしば行う,2. めったに行わない,4. しばしば行う,5. つねに行う,4. しばしば行う,2. めったに行わない,2. めったに行わない,3. たまに行う,3. たまに行う,4. しばしば行う,2. めったに行わない,2. めったに行わない,2. めったに行わない,2. めったに行わない,2. めったに行わない,92,1650
2024-11-11 08:35:15,2024-11-11 08:38:19,IP Address,100,183,True,2024-11-11 08:38:20,R_4Pc93N5qt0BxdY4,qr,JA,派遣/契約社員,4. しばしば行う,5. つねに行う,4. しばしば行う,4. しばしば行う,4. しばしば行う,3. たまに行う,4. しばしば行う,4. しばしば行う,3. たまに行う,4. しばしば行う,4. しばしば行う,4. しばしば行う,4. しばしば行う,3. たまに行う,3. たまに行う,4. しばしば行う,2. めったに行わない,4. しばしば行う,1. まったく行わない,3. たまに行う,4. しばしば行う,4. しばしば行う,4. しばしば行う,4. しばしば行う,4. しばしば行う,4. しばしば行う,4. しばしば行う,4. しばしば行う,4. しばしば行う,2. めったに行わない,2. めったに行わない,2. めったに行わない,2. めったに行わない,70,7242
2024-11-11 08:40:37,2024-11-11 08:49:20,IP Address,100,522,True,2024-11-11 08:49:20,R_4HFHYDqf1gGZy3z,qr,JA,派遣/契約社員,2. めったに行わない,5. つねに行う,3. たまに行う,2. めったに行わない,5. つねに行う,2. めったに行わない,4. しばしば行う,5. つねに行う,2. めったに行わない,3. たまに行う,2. めったに行わない,4. しばしば行う,3. たまに行う,4. しばしば行う,1. まったく行わない,4. しばしば行う,1. まったく行わない,4. しばしば行う,1. まったく行わない,1. まったく行わない,4. しばしば行う,4. しばしば行う,2. めったに行わない,3. たまに行う,4. しばしば行う,4. しばしば行う,4. しばしば行う,5. つねに行う,3. たまに行う,2. めったに行わない,1. まったく行わない,2. めったに行わない,1. まったく行わない,75,9015
2024-11-11 10:44:15,2024-11-11 10:49:35,IP Address,100,319,True,2024-11-11 10:49:35,R_42zO6UWi0Gt7TdM,anonymous,JA,管理部,4. しばしば行う,4. しばしば行う,4. しばしば行う,4. しばしば行う,4. しばしば行う,5. つねに行う,4. しばしば行う,4. しばしば行う,3. たまに行う,4. しばしば行う,4. しばしば行う,4. しばしば行う,3. たまに行う,4. しばしば行う,4. しばしば行う,4. しばしば行う,3. たまに行う,5. つねに行う,2. めったに行わない,4. しばしば行う,5. つねに行う,4. しばしば行う,3. たまに行う,4. しばしば行う,4. しばしば行う,4. しばしば行う,4. しばしば行う,5. つねに行う,2. めったに行わない,1. まったく行わない,2. めったに行わない,1. まったく行わない,1. まったく行わない,40,6868
2024-11-11 12:40:50,2024-11-11 12:52:14,IP Address,100,684,True,2024-11-11 12:52:15,R_1EsnYci5sV4DbCS,qr,JA,派遣/契約社員,3. たまに行う,5. つねに行う,1. まったく行わない,3. たまに行う,5. つねに行う,1. まったく行わない,5. つねに行う,4. しばしば行う,5. つねに行う,5. つねに行う,3. たまに行う,3. たまに行う,5. つねに行う,1. まったく行わない,1. まったく行わない,5. つねに行う,1. まったく行わない,5. つねに行う,1. まったく行わない,1. まったく行わない,5. つねに行う,3. たまに行う,5. つねに行う,5. つねに行う,2. めったに行わない,4. しばしば行う,4. しばしば行う,5. つねに行う,1. まったく行わない,1. まったく行わない,1. まったく行わない,1. まったく行わない,1. まったく行わない,100,1981
2024-11-07 08:19:31,2024-11-11 13:28:40,IP Address,100,364149,True,2024-11-11 13:28:41,R_4l2BgcKMu1Ok8LL,anonymous,JA,営業部,4. しばしば行う,5. つねに行う,4. しばしば行う,3. たまに行う,4. しばしば行う,4. しばしば行う,5. つねに行う,3. たまに行う,3. たまに行う,3. たまに行う,3. たまに行う,3. たまに行う,2. めったに行わない,2. めったに行わない,3. たまに行う,3. たまに行う,2. めったに行わない,5. つねに行う,3. たまに行う,3. たまに行う,5. つねに行う,5. つねに行う,5. つねに行う,2. めったに行わない,4. しばしば行う,5. つねに行う,5. つねに行う,5. つねに行う,5. つねに行う,3. たまに行う,2. めったに行わない,2. めったに行わない,2. めったに行わない,80,1341
2024-11-07 18:12:27,2024-11-11 14:49:57,IP Address,100,333450,True,2024-11-11 14:49:58,R_4iJgSQ6eIKqU39T,anonymous,JA,管理部,4. しばしば行う,5. つねに行う,5. つねに行う,4. しばしば行う,4. しばしば行う,4. しばしば行う,3. たまに行う,4. しばしば行う,4. しばしば行う,4. しばしば行う,4. しばしば行う,4. しばしば行う,4. しばしば行う,4. しばしば行う,4. しばしば行う,5. つねに行う,4. しばしば行う,4. しばしば行う,3. たまに行う,3. たまに行う,4. しばしば行う,4. しばしば行う,4. しばしば行う,4. しばしば行う,4. しばしば行う,3. たまに行う,3. たまに行う,4. しばしば行う,3. たまに行う,3. たまに行う,3. たまに行う,2. めったに行わない,2. めったに行わない,25,5468
2024-11-11 15:29:10,2024-11-11 15:33:13,IP Address,100,243,True,2024-11-11 15:33:14,R_49T3s6n6aMLfQbv,anonymous,JA,製造部,3. たまに行う,5. つねに行う,3. たまに行う,2. めったに行わない,4. しばしば行う,5. つねに行う,5. つねに行う,5. つねに行う,4. しばしば行う,4. しばしば行う,2. めったに行わない,2. めったに行わない,2. めったに行わない,3. たまに行う,3. たまに行う,1. まったく行わない,2. めったに行わない,5. つねに行う,5. つねに行う,4. しばしば行う,4. しばしば行う,5. つねに行う,5. つねに行う,5. つねに行う,1. まったく行わない,5. つねに行う,5. つねに行う,5. つねに行う,4. しばしば行う,4. しばしば行う,2. めったに行わない,2. めったに行わない,1. まったく行わない,20,5784
2024-11-11 15:35:16,2024-11-11 15:39:09,IP Address,100,233,True,2024-11-11 15:39:10,R_4KpgMp17hbx1MiL,anonymous,JA,事業企画開発部,4. しばしば行う,4. しばしば行う,3. たまに行う,3. たまに行う,4. しばしば行う,2. めったに行わない,5. つねに行う,4. しばしば行う,2. めったに行わない,4. しばしば行う,4. しばしば行う,4. しばしば行う,4. しばしば行う,2. めったに行わない,3. たまに行う,3. たまに行う,1. まったく行わない,3. たまに行う,3. たまに行う,3. たまに行う,5. つねに行う,4. しばしば行う,4. しばしば行う,4. しばしば行う,5. つねに行う,4. しばしば行う,4. しばしば行う,4. しばしば行う,4. しばしば行う,1. まったく行わない,2. めったに行わない,1. まったく行わない,1. まったく行わない,60,3518
2024-11-11 19:10:44,2024-11-11 20:20:33,IP Address,100,4189,True,2024-11-11 20:20:33,R_4dQzU6i7upvRN0P,qr,JA,派遣/契約社員,2. めったに行わない,3. たまに行う,2. めったに行わない,2. めったに行わない,4. しばしば行う,2. めったに行わない,4. しばしば行う,4. しばしば行う,1. まったく行わない,4. しばしば行う,2. めったに行わない,4. しばしば行う,4. しばしば行う,2. めったに行わない,3. たまに行う,4. しばしば行う,2. めったに行わない,4. しばしば行う,3. たまに行う,3. たまに行う,5. つねに行う,5. つねに行う,4. しばしば行う,5. つねに行う,4. しばしば行う,5. つねに行う,5. つねに行う,5. つねに行う,2. めったに行わない,1. まったく行わない,1. まったく行わない,1. まったく行わない,1. まったく行わない,65,1348
2024-11-12 08:40:34,2024-11-12 08:48:01,IP Address,100,447,True,2024-11-12 08:48:02,R_4OD2n37QTiRHxtc,anonymous,JA,営業部,3. たまに行う,4. しばしば行う,2. めったに行わない,3. たまに行う,5. つねに行う,3. たまに行う,4. しばしば行う,4. しばしば行う,3. たまに行う,3. たまに行う,3. たまに行う,5. つねに行う,4. しばしば行う,3. たまに行う,3. たまに行う,3. たまに行う,3. たまに行う,5. つねに行う,2. めったに行わない,3. たまに行う,4. しばしば行う,4. しばしば行う,2. めったに行わない,3. たまに行う,5. つねに行う,5. つねに行う,5. つねに行う,5. つねに行う,4. しばしば行う,3. たまに行う,2. めったに行わない,2. めったに行わない,1. まったく行わない,20,3841
2024-11-12 08:44:22,2024-11-12 08:53:45,IP Address,100,562,True,2024-11-12 08:53:45,R_4PtAB6bb0S3MVzM,anonymous,JA,製造部,4. しばしば行う,5. つねに行う,5. つねに行う,2. めったに行わない,5. つねに行う,5. つねに行う,5. つねに行う,4. しばしば行う,3. たまに行う,5. つねに行う,4. しばしば行う,5. つねに行う,3. たまに行う,3. たまに行う,2. めったに行わない,5. つねに行う,4. しばしば行う,5. つねに行う,3. たまに行う,3. たまに行う,5. つねに行う,5. つねに行う,4. しばしば行う,3. たまに行う,4. しばしば行う,5. つねに行う,5. つねに行う,5. つねに行う,4. しばしば行う,4. しばしば行う,3. たまに行う,2. めったに行わない,2. めったに行わない,40,8148
2024-11-12 09:00:54,2024-11-12 09:05:56,IP Address,100,302,True,2024-11-12 09:05:57,R_4yGxKApIlwWvq5b,anonymous,JA,技術部,2. めったに行わない,5. つねに行う,3. たまに行う,2. めったに行わない,4. しばしば行う,5. つねに行う,5. つねに行う,4. しばしば行う,2. めったに行わない,3. たまに行う,1. まったく行わない,2. めったに行わない,2. めったに行わない,3. たまに行う,3. たまに行う,3. たまに行う,1. まったく行わない,3. たまに行う,1. まったく行わない,4. しばしば行う,5. つねに行う,4. しばしば行う,5. つねに行う,5. つねに行う,2. めったに行わない,5. つねに行う,3. たまに行う,4. しばしば行う,4. しばしば行う,1. まったく行わない,1. まったく行わない,1. まったく行わない,1. まったく行わない,0,2568
2024-11-12 09:03:10,2024-11-12 09:12:29,IP Address,100,558,True,2024-11-12 09:12:29,R_41NHhkPcXEMY08d,anonymous,JA,製造部,3. たまに行う,5. つねに行う,5. つねに行う,3. たまに行う,4. しばしば行う,5. つねに行う,4. しばしば行う,4. しばしば行う,2. めったに行わない,3. たまに行う,3. たまに行う,3. たまに行う,2. めったに行わない,4. しばしば行う,2. めったに行わない,2. めったに行わない,3. たまに行う,5. つねに行う,3. たまに行う,3. たまに行う,4. しばしば行う,5. つねに行う,4. しばしば行う,2. めったに行わない,3. たまに行う,5. つねに行う,5. つねに行う,5. つねに行う,4. しばしば行う,1. まったく行わない,1. まったく行わない,1. まったく行わない,1. まったく行わない,40,9342
2024-11-12 09:13:39,2024-11-12 09:19:19,IP Address,100,340,True,2024-11-12 09:19:19,R_4j8lYVnpD992xw1,anonymous,JA,営業部,4. しばしば行う,5. つねに行う,3. たまに行う,4. しばしば行う,4. しばしば行う,5. つねに行う,4. しばしば行う,5. つねに行う,4. しばしば行う,4. しばしば行う,4. しばしば行う,5. つねに行う,4. しばしば行う,4. しばしば行う,4. しばしば行う,5. つねに行う,3. たまに行う,5. つねに行う,5. つねに行う,5. つねに行う,5. つねに行う,5. つねに行う,5. つねに行う,5. つねに行う,5. つねに行う,5. つねに行う,5. つねに行う,5. つねに行う,5. つねに行う,3. たまに行う,2. めったに行わない,2. めったに行わない,1. まったく行わない,0,6188
2024-11-12 09:16:49,2024-11-12 09:20:23,IP Address,100,213,True,2024-11-12 09:20:23,R_4PGdhv6Qvd0QXrN,anonymous,JA,営業部,4. しばしば行う,4. しばしば行う,4. しばしば行う,4. しばしば行う,4. しばしば行う,3. たまに行う,4. しばしば行う,4. しばしば行う,4. しばしば行う,3. たまに行う,4. しばしば行う,4. しばしば行う,4. しばしば行う,4. しばしば行う,3. たまに行う,5. つねに行う,3. たまに行う,4. しばしば行う,4. しばしば行う,3. たまに行う,4. しばしば行う,4. しばしば行う,4. しばしば行う,4. しばしば行う,3. たまに行う,4. しばしば行う,4. しばしば行う,4. しばしば行う,4. しばしば行う,2. めったに行わない,2. めったに行わない,1. まったく行わない,1. まったく行わない,38,4809
2024-11-12 09:30:35,2024-11-12 09:35:03,IP Address,100,268,True,2024-11-12 09:35:04,R_42NJzHjuUm5aQLv,anonymous,JA,管理部,5. つねに行う,3. たまに行う,3. たまに行う,4. しばしば行う,4. しばしば行う,3. たまに行う,4. しばしば行う,4. しばしば行う,3. たまに行う,3. たまに行う,5. つねに行う,4. しばしば行う,3. たまに行う,3. たまに行う,4. しばしば行う,4. しばしば行う,5. つねに行う,4. しばしば行う,1. まったく行わない,3. たまに行う,5. つねに行う,4. しばしば行う,2. めったに行わない,3. たまに行う,4. しばしば行う,4. しばしば行う,4. しばしば行う,4. しばしば行う,3. たまに行う,2. めったに行わない,2. めったに行わない,2. めったに行わない,4. しばしば行う,25,9084
2024-11-12 12:56:42,2024-11-12 13:00:43,IP Address,100,241,True,2024-11-12 13:00:44,R_4hrwzxK89gLUz2p,qr,JA,派遣/契約社員,2. めったに行わない,5. つねに行う,2. めったに行わない,2. めったに行わない,5. つねに行う,2. めったに行わない,5. つねに行う,5. つねに行う,3. たまに行う,3. たまに行う,3. たまに行う,3. たまに行う,3. たまに行う,3. たまに行う,3. たまに行う,3. たまに行う,3. たまに行う,3. たまに行う,3. たまに行う,3. たまに行う,3. たまに行う,3. たまに行う,3. たまに行う,3. たまに行う,3. たまに行う,3. たまに行う,3. たまに行う,3. たまに行う,3. たまに行う,3. たまに行う,3. たまに行う,3. たまに行う,3. たまに行う,21,7722
2024-11-06 17:29:17,2024-11-12 13:22:47,IP Address,100,503609,True,2024-11-12 13:22:47,R_4SZbdOvMOpirc77,anonymous,JA,事業企画開発部,3. たまに行う,3. たまに行う,3. たまに行う,2. めったに行わない,3. たまに行う,3. たまに行う,2. めったに行わない,1. まったく行わない,3. たまに行う,3. たまに行う,3. たまに行う,2. めったに行わない,5. つねに行う,2. めったに行わない,2. めったに行わない,5. つねに行う,3. たまに行う,5. つねに行う,3. たまに行う,3. たまに行う,5. つねに行う,4. しばしば行う,3. たまに行う,3. たまに行う,4. しばしば行う,5. つねに行う,4. しばしば行う,5. つねに行う,4. しばしば行う,3. たまに行う,2. めったに行わない,2. めったに行わない,2. めったに行わない,40,2494
2024-11-12 18:47:55,2024-11-12 18:55:02,IP Address,100,427,True,2024-11-12 18:55:03,R_4gO845L2qf0wGtb,anonymous,JA,技術部,3. たまに行う,2. めったに行わない,3. たまに行う,2. めったに行わない,3. たまに行う,3. たまに行う,3. たまに行う,3. たまに行う,2. めったに行わない,2. めったに行わない,3. たまに行う,2. めったに行わない,2. めったに行わない,2. めったに行わない,3. たまに行う,3. たまに行う,3. たまに行う,3. たまに行う,3. たまに行う,2. めったに行わない,3. たまに行う,4. しばしば行う,3. たまに行う,2. めったに行わない,3. たまに行う,3. たまに行う,3. たまに行う,3. たまに行う,3. たまに行う,3. たまに行う,3. たまに行う,3. たまに行う,2. めったに行わない,50,1319
2024-11-12 18:51:49,2024-11-12 19:17:13,IP Address,100,1524,True,2024-11-12 19:17:14,R_4EGvAyiGm7GcqTh,anonymous,JA,開発2部,3. たまに行う,4. しばしば行う,4. しばしば行う,4. しばしば行う,4. しばしば行う,4. しばしば行う,5. つねに行う,4. しばしば行う,3. たまに行う,4. しばしば行う,3. たまに行う,3. たまに行う,3. たまに行う,3. たまに行う,2. めったに行わない,3. たまに行う,2. めったに行わない,3. たまに行う,3. たまに行う,3. たまに行う,4. しばしば行う,4. しばしば行う,5. つねに行う,5. つねに行う,4. しばしば行う,4. しばしば行う,4. しばしば行う,4. しばしば行う,5. つねに行う,4. しばしば行う,5. つねに行う,3. たまに行う,4. しばしば行う,40,2678
2024-11-06 16:31:16,2024-11-06 16:35:20,IP Address,38,244,False,2024-11-13 16:35:23,R_43kXJA7CckUNTtE,anonymous,JA,製造部,4. しばしば行う,4. しばしば行う,4. しばしば行う,3. たまに行う,3. たまに行う,3. たまに行う,3. たまに行う,4. しばしば行う,,,,,,,,,,,,,,,,,,,,,,,,,,,9616
2024-11-06 16:51:38,2024-11-06 16:59:44,IP Address,13,486,False,2024-11-13 16:59:50,R_4dGEWoAk9HfKnN1,anonymous,JA,,,,,,,,,,,,,,,,,,,,,,,,,,,,,,,,,,,,5831
2024-11-11 12:38:07,2024-11-11 12:39:23,IP Address,25,75,False,2024-11-13 17:04:54,R_1g7roQtgROeqMyr,qr,JA,派遣/契約社員,,,,,,,,,,,,,,,,,,,,,,,,,,,,,,,,,,,7531
2024-11-08 08:59:10,2024-11-08 09:06:31,IP Address,88,440,False,2024-11-13 17:04:54,R_4DqiQfIzgBXg2Qc,anonymous,JA,営業部,5. つねに行う,5. つねに行う,3. たまに行う,5. つねに行う,3. たまに行う,4. しばしば行う,5. つねに行う,3. たまに行う,2. めったに行わない,4. しばしば行う,5. つねに行う,4. しばしば行う,3. たまに行う,5. つねに行う,4. しばしば行う,3. たまに行う,3. たまに行う,5. つねに行う,5. つねに行う,4. しばしば行う,4. しばしば行う,4. しばしば行う,4. しばしば行う,4. しばしば行う,3. たまに行う,4. しばしば行う,4. しばしば行う,4. しばしば行う,3. たまに行う,2. めったに行わない,2. めったに行わない,2. めったに行わない,2. めったに行わない,45,4459
2024-11-11 08:34:39,2024-11-11 08:34:52,IP Address,25,13,False,2024-11-13 17:04:55,R_4VrOiEEVWkMPEFZ,qr,JA,製造部,,,,,,,,,,,,,,,,,,,,,,,,,,,,,,,,,,,7354
2024-11-12 09:00:42,2024-11-12 09:12:23,IP Address,13,700,False,2024-11-13 17:04:56,R_4EhggPvkW4f7CRX,anonymous,JA,,,,,,,,,,,,,,,,,,,,,,,,,,,,,,,,,,,,9147
2024-11-12 09:30:21,2024-11-12 09:38:00,IP Address,88,459,False,2024-11-13 17:04:56,R_44cwB6NzbCZhe5i,anonymous,JA,技術部,4. しばしば行う,2. めったに行わない,3. たまに行う,4. しばしば行う,5. つねに行う,3. たまに行う,1. まったく行わない,5. つねに行う,4. しばしば行う,2. めったに行わない,4. しばしば行う,5. つねに行う,4. しばしば行う,2. めったに行わない,3. たまに行う,4. しばしば行う,3. たまに行う,5. つねに行う,3. たまに行う,4. しばしば行う,5. つねに行う,4. しばしば行う,5. つねに行う,3. たまに行う,4. しばしば行う,4. しばしば行う,4. しばしば行う,5. つねに行う,5. つねに行う,2. めったに行わない,3. たまに行う,3. たまに行う,1. まったく行わない,60,7683
2024-11-12 12:46:02,2024-11-12 12:53:41,IP Address,63,458,False,2024-11-13 17:04:57,R_4GTH8J5zYmBtaZh,qr,JA,派遣/契約社員,1. まったく行わない,5. つねに行う,2. めったに行わない,4. しばしば行う,5. つねに行う,2. めったに行わない,5. つねに行う,5. つねに行う,1. まったく行わない,3. たまに行う,2. めったに行わない,2. めったに行わない,2. めったに行わない,2. めったに行わない,2. めったに行わない,2. めったに行わない,4. しばしば行う,3. たまに行う,2. めったに行わない,2. めったに行わない,5. つねに行う,3. たまに行う,2. めったに行わない,2. めったに行わない,3. たまに行う,,,,,,,,,,4843
